donor,1947,1948,1949,1950,1951,1952,1953,1954,1955,1956,1957,1958,1959,1960,1961,1962,1963,1964,1965,1966,1967,1968,1969,1970,1971,1972,1973,1974,1975,1976,1977,1978,1979,1980,1981,1982,1983,1984,1985,1986,1987,1988,1989,1990,1991,1992,1993,1994,1995,1996,1997,1998,1999,2000,2001,2002,2003,2004,2005,2006,2007,2008,2009,2010,2011
(ACBF),,,,,,,,,,,,,,,,,,,,,,,,,,,,,,,,,,,,,,,,,,,,,,,,,,,,,4499624.15,34294685.8,10829014.6,6981948.58,18168369.65,23850129.13,39427715.03,64834522.4,29871650.81,24753870.53,,,
(AFDB),,,,,,,,,,,,,,,,,,,,,,,,68281649.17,141553864.82,140027385.69,139629677.71,366095617.37,377215843.49,355951764.32,498950910.42,578086134.25,695399417.95,693198997.2,785998102.02,1027310007.03,1421445732.59,1233825189,1783720144.9,2143057055.23,2435425560.73,2354081078.9,3171731485.88,3286854527.32,3319239137.46,2606494979.96,2313597486.51,1941406893.01,828581654.65,658983842.73,1114036803.72,1292998363.78,1488363839.16,1588905126.2,1874526660.53,2111537152.17,1287097479.05,2745529528.23,1407794176.75,1739550914.07,2699187637.37,2599873549.68,8795070166.79,4013993011.92,
(AFDF),,,,,,,,,,,,,,,,,,,,,,,,,,,,209339903.74,365058916.36,305793187.36,501823872.75,572817743.61,629338145.64,667702570.36,822026555.5,959748177.69,924780081.68,1018309980.9,1199339449.81,1360092537.83,1504876882.33,1387919219.43,1813567419.87,1807739654.13,1922814230.7,1665113573.83,1281492571.1,,,397005178.73,1411894509.75,954567921.65,889789599.02,2261889637.44,2518626848.77,1899072340.79,1887310526.41,2272815309.94,2303663198.27,2427846144.85,2287004145.53,2794319668.99,3897308716.76,2158682958.06,
(CAF),,,,,,,,,,,,,,,,,,,,,,,,,,,,,,,,,,,,,,,,,,764642077.42,842500970.72,1043415282.71,1000669629.71,559730774.38,715056516.5,,,,,,,,8571503100.58,4836599421,4174357889.26,,5383132111.17,6108139432.35,6757023875.74,7986264655.69,,,
(BADEA),,,,,,,,,,,,,,,,,,,,,,,,,,,,329916715.55,531339711.33,414724694.68,256851242.95,205589971.54,124404764.01,168029888.42,185004628.55,222087089.09,205993889.55,223551558.25,185562997.61,119794764.17,127319117.81,111780567.78,106464147.59,112646880.63,109578042.6,103302493.9,107500796.62,102824867.46,99063110.61,116679769.59,139394492.02,156221658.26,166553156.47,179215630.95,195487767.1,195480014.53,178320169.4,175013411.03,181131765.36,202948322.45,183705947.33,184788441.18,199910000,198120843.61,
(AFESD),,,,,,,,,,,,,,,,,,,,,,,,,,,,525639518.58,709506209.59,1185956232.77,1184938877.81,4179382.05,243589959.43,250629176.53,450869128.94,695033778.38,661763649.34,810899562.01,689462247.48,500915852.65,712038836.31,638668678.68,896105197.43,944537354.14,902710106.71,852500968.08,904596177.71,895947867.84,902118690.18,1166412859.26,1146210082.5,1221337191.85,1249554199.6,1378719252.99,1415842128.91,1410137008.16,1346116883.35,1200332999.25,1318490116.56,1341041015.42,1350578882.13,1300426462.14,1186707095.9,1279163460.53,
(ASDB),,,,,,,,,,,,,,,,,,,,,,,,,,,,,,,,,,,,,,,,,,,,,,,,,,,,,,,,,,,,,8907237395.41,8154838883.16,3670320000,,
(ASDF),,,,,,,,,,,,,,,,,,,,,,,,,,,,,,,,,,,,,,,,,,,,,,,,,,,,,,,,,,,,,2454540577.38,1803118925.44,868310000,,
AUS,,,,,,,,,,,,,,,,,,,,,,,,,,,188444912.31,1299976840.08,650935799.6,871924597.74,1215378323.2,1112860918.15,1057151659.81,983881593.58,938253588.7,831374508.2,941642959.1,815253449.02,758692154.61,716139245.52,662359181.8,1491307815.57,382905080.22,600737943.81,866561550.5,545820601.54,1188951973.88,1203203778.1,432543505.32,2198394454.53,1118492561.48,1041625058.12,1503173909.89,1943642602.93,1447329151.54,1233131731.25,1686444074.5,1567494527.08,1715066980.42,2594098272.81,1685473765.98,3696589511.55,3376052354.06,,
AUT,,,,,,,,,,,,,,,,,,,,,,,,,,,,325349084.25,,27647996.56,124987160.23,105053000.18,53205555.38,231776292.89,608167067.91,817394892.14,411357054.53,137062413.54,199541876.85,156388510.26,132431483.02,432511882.88,625203812.49,134101627.51,481786094.93,119186672.31,51164575.69,32419282.05,61326866.6,664466830.87,422698132.66,641106403.66,581407974.44,629706486.98,774791460.09,730630989.31,474389995,523931897.96,1560442675.13,1336768908.13,1431898517.86,1290807750.6,544360963,,
BEL,,,,,,,,,,,,,,,,,,,,,,,,,,,207951938.9,271061438.99,221191828.23,211461595.44,221998890.35,175927931.44,221753457.83,265127637.09,297998281.71,287369772.58,313165385.31,137125780.34,130404165.6,141269500.97,12120756.61,118058380.64,780228505.53,775017346.09,575552766.21,1468694708.86,221492774.71,528323215.31,1167193093.75,1045091440.65,1078628871.22,988791200.63,748355700.7,1111025137.74,1017104957.94,1842737386.42,2160374126.57,1614157074.63,2466356214.9,1842014381.38,1696802750.54,1778278748.86,2065109928.97,,
Bill & Melinda Gates Foundation,,,,,,,,,,,,,,,,,,,,,,,,,,,,,,,,,,,,,,,,,,,,,,,,,,,,,,,,,,,,,,,1697872000,,
BRA,,,,,,,,,,,,,,,,,,,,,,,,,,,,,,,,,,,,,,,,,,,,,,,,,,,,5660479.5,,,134054.74,,,4392657.79,4380763.16,3644612.05,7244967.98,14744617.16,5679971,,
CAN,,,,,,,,,,,,,,,,,,,,,,,,,,,2142404726.88,1141799087.18,1488286902.34,1079851909.63,1420283393.1,2685015599.13,1133708106.09,611802690.43,1659731337.71,911880411.82,1397275766.35,2764925797.25,1785316970.53,2308110419.56,2342428483.08,2224249967.36,1942341928.2,2529605702.08,1294218968.81,1538715008.37,1563219766.79,1776172521.27,2206838390.62,2025850944.2,1547694427.15,2079418033.99,1787983021.79,2199101181.17,1866270404.07,2755931409.93,2346922995.76,2989197258.82,3052413280.86,2561633780.27,3200400482.64,3419587753.21,3779840885.48,,
(CDB),,,,,,,,,,,,,,,,,,,,,,,,4556159.86,34965811.16,77564980.72,90977478.05,170100336,86242638.06,88585748.25,97149040.96,139218628.6,236504895.21,106065509.99,135559582.8,140534242.34,134348149.47,168481931.89,103567856.64,127969782.25,70841470.13,113624313.84,130369404.92,182452260.41,163873097.68,116199445.88,133267349.88,77966726.09,137292820.44,136138933.55,123408835.56,223877905.02,218226889.62,263133638.64,163660497.52,173249781.13,250677827.25,142493469.11,165792531.81,137267488.84,193395515.47,289423437.12,163569950,,
CHL,,,,,,,,,,,,,,,,,,,,,,,,,,,,,,,,,,,,,,,,,,,,,,,,,,,,,,,,248068.76,67509.39,151266.43,160498.59,1869125.54,749408.91,1445534.09,,,
COL,,,,,,,,,,,,,,,,,,,,,,,,,,,,,,,,,,,,,,,,,,,,,,,,,,,,,,,,,,,,1853.97,334237.94,236380.31,,,
(CBFF),,,,,,,,,,,,,,,,,,,,,,,,,,,,,,,,,,,,,,,,,,,,,,,,,,,,,,,,,,,,,,,10881778.3,4988066.17,
DNK,,,,,,,,,,,,,,,,,,,,,,,,,,,190949723.82,308931652.7,259018419.08,297042747.3,397422306.43,491075342.69,510278618.73,541261312.86,521874439.06,862079620.61,670264350.05,837988959.06,1022664897.89,1076432362.43,805825199.38,1001719401.79,1067681334.09,687386441.86,707215628.52,897026041.73,1066542456,812757067.98,1248918748.8,2055122521.22,1285363639.6,647779419.47,1048053859.95,1727845207.51,1718380669.64,1490277561.98,951844042.23,2112213689.04,1873862641.5,1615992105.65,1569260374.81,1541538624.76,1940935752.34,,
EST,,,,,,,,,,,,,,,,,,,,,,,,,,,,,,,,,,,,,,,,,,,,,,,,,,,,,,646921.15,610377.38,455190.25,635761.07,612397.13,578218.33,1400256.96,2516147.6,3310287.98,2220403.86,2855336.14,
(EBRD),,,,,,,,,,,,,,,,,,,,,,,,,,,,,,,,,,,,,,,,,,,,,805965306.09,2217120242.39,3819545644.85,4166255011.21,4565389314.05,4592651024.86,6343611866.95,3197172608.41,3791582441.59,4849415337.87,4958852612.68,5317668561.02,5269696764.41,5989254541.63,6030349350.27,6913296105,7828356956.74,,,,
(EC),,,,,,,,,,,,,,,,,,,,,,,,,,,1880377088.66,3156514261.64,416082513.9,1508983668.88,2848293400.94,1190721500.04,1889764501.04,2611455740.7,3119184033.43,4994742361.95,3536672214.34,4559816259.88,1942861757.41,512855883.59,3310074554.78,3922200510.84,2144663785.37,1647080177.92,2345536824.38,3720643755.61,3487176903.89,4192200597.81,4639588887.81,5490165270.81,5597040645.74,8373038207.69,9377572383.39,10709974645.6,18604032553.76,20697177296.44,21514209779.55,13438070973.53,17886106929.5,19617330197.29,22185293661.91,16595429225.99,16122499586.34,,
FIN,,,,,,,,,,,,,,,,,,,,,,,,,,,,80048568.72,80705088.71,58055868.63,16282702.09,7539505.13,145642594.52,21515255.71,124281337.47,67599108.61,85820048.48,100557913.1,31490083.92,44074331.81,441755249.17,615789345.56,729350328.15,618928586.8,856718256.24,510789957.91,364950412.4,250056192.19,283250324.52,278194573.17,280926112.65,319304052.21,366781939.12,371945293.57,484622566.08,485428939.39,559175439.21,591756041.85,847255162.88,751489449.24,711222354.03,941644908.53,1359330543.37,,
FRA,,,,,,,,,,,,,,,,,,,,,,,,,,,2923633627.29,2847804306.42,1550284749.09,1972198854.04,2653024278.5,1374453005.22,1576028664.2,2809165386.54,2888464626.68,3120229081.55,2835399505.99,4334537965.66,3293949128.26,3538637147.84,3090684473.12,4367956844.47,5217683495.07,4182973006.85,5021009618.72,3984208556.21,3900306197.19,3908673025.08,4076846545.29,4079317425.49,3874871373.07,6003965690.41,5792026836.12,5966696142.59,6408043838.45,8027737286.8,10712824681.95,8746276637.93,10922648227.52,11531079658.84,8911060942.21,10531381341.92,9812643862.81,,
DEU,,,,,,,,,,,,,,,,,,,,,,,,,,,3170905925.68,5164392339,3871432554.3,3726006783.34,3385914124.85,4031959322.72,6642544918.32,7316628836.96,6107120910.2,4596339720.73,3657599620.03,5291655837.09,5282287421.49,4004887029.51,4406895033.34,4864728248.71,8650868945.5,8403736734.94,4994726422.59,13756034841.81,10862738719.66,10856557715.82,12496267390.79,6738843964.36,11797923012.39,3830580522.55,6165201865.79,12010885426.33,6900593113.94,7799545925.58,8016605383.61,7324741269.54,10889244378.8,10963800829.55,12106248522.34,14397639014.31,10884600555.66,,
(GAVI),,,,,,,,,,,,,,,,,,,,,,,,,,,,,,,,,,,,,,,,,,,,,,,,,,,,,,,,,,,,,995149948.14,749920288.09,530117660,,
(GEF),,,,,,,,,,,,,,,,,,,,,,,,,,,,,,,,,,,,,,,,,,,,,9570134.73,315743542.32,145005161.04,340307736.09,181143138,394642441.06,410890679.61,499436921.35,674060833.89,558871302.55,688463578.38,714308079.64,469382111.97,757373409.99,828873789.4,765464321.39,832732266.33,858946580.01,1325572727,527084612.14,
(GFATM),,,,,,,,,,,,,,,,,,,,,,,,,,,,,,,,,,,,,,,,,,,,,,,,,,,,,,,,198886377.75,2815060418.94,2314159030.54,3085884327.74,1377044228.38,975481206,1028220885.86,2535229028,2192623962.99,524875861.14
GRC,,,,,,,,,,,,,,,,,,,,,,,,,,,,,,,,,,,,,,,,,,,,,,,,,,,,,,,,208731732.39,360478471.93,217315078.16,257720766.65,236537116.23,268146213.04,306885865.84,296944844.99,,
HUN,,,,,,,,,,,,,,,,,,,,,,,,,,,,,,,,,,,,,,,,,,,,,,,,,,,,,,,,,299575.47,4541283.63,6003790.6,2133542.4,2664884.52,7924377.46,,,
ISL,,,,,,,,,,,,,,,,,,,,,,,,,,,,,,,,,,,,,,,,,,,,16496.48,,50364.5,143512.72,4729498.24,4130175.37,2122687.54,656201.61,26023.3,1256206.94,6430705.5,5356940.36,1688169.93,175903.09,666315.03,3408553.91,8955398.44,4697043.63,5913439.59,31461369,,
IND,,,,,,,,,,,,,,,,,,,,,,,,,,,,,,,,,,,,,,,,,,,,,,,,,,,,,,,,,,,1420887376.68,149917950.59,360099614.09,1393403486.36,1399558875.24,519824661.18,
(IADB),,,,,,,,,,,,,,,,,,,,,,,,3887978973.14,3723542366.69,4250379747.02,4115334949.72,4807993636.17,5074093654.07,5488081741.92,6026441905.11,6469543511.71,5631322781.06,5775630519.05,6181868152.07,6940492480.09,7698355950.72,9073189285.64,7803213194.75,6328716829.09,4314957930.93,3031970817.2,4581556188.5,5878409816.97,8060052138.98,8453405538.93,8710228286.28,7356074549.41,9167330831.58,9242612429.59,9381248152.48,15658495449.23,14310739663.52,8999957693.85,13185733109.09,6812570870.38,9030065978.13,7731246227.53,8427680826.17,7806596874.57,11391405313.16,,,,
(IFAD),,,,,,,,,,,,,,,,,,,,,,,,,,,,,,,,332620253.8,993310667.33,924300453.96,914967007.61,822745022.26,707224216.84,536416996.13,346375879.7,308985730.59,261442258.98,380928472.63,444853467.84,468352949.5,406259580.73,454092231.32,529847272,467476757.68,499502156.15,549611965.71,567836721.2,595245157.79,615115930.64,616663707.93,648427779.05,544927995.45,534076002.52,552438796.1,548189373.44,535053722.73,561068239.8,551039131.56,601616000,,
(IMF),,,,,,,,,,,,,,,,,,,,,,,,,,,,,,,,,,,10338154614.21,71459108.61,28196365323.94,8792842494.44,7768072691.8,6927956535.48,4622315726.05,5135107107,14629297478.41,2012525125.16,8929893658.34,8185388790.97,3432596482.97,6029012027.03,17637842278.9,17044874646.5,30844579740.87,26576289153.56,26404006412.2,12173264958.4,62296608621.02,84302806823.77,26719851557.83,1376221247.99,6896396145.08,412946952.51,607079636.67,19357194361.24,42309835887.28,,
IRL,,,,,,,,,,,,,,,,,,,,,,,,,,,,,,,,,,,,,,,,,,,,,,,,,,,,,,254979808.35,348902546.1,420747099.43,416874934.09,467029025.38,536618023.02,671191009.97,800982665.09,862353838.05,697068763.58,,
(ISDB),,,,,,,,,,,,,,,,,,,,,,,,,,,,,,86614857.13,518915389.68,1120092059.09,556882392.98,2422734100.61,313167530.32,1806777175.06,2538691982.16,2405199754.33,2286602698.57,1488362644.88,1590016493.49,1605629701.12,1659371825.49,1774800274.87,2273495928.61,1530546194.09,1738708598.77,1444478911.4,1484870882.88,1654513296.67,1767837168.1,2385638577.32,2562629176.14,3716391430.35,3893125264.18,4452199514.51,3943122642.89,4430940979.58,2876373884.92,2177757067.43,2453969820.58,2427429591.63,,,
ISR,,,,,,,,,,,,,,,,,,,,,,,,,,,,,,,,,,,,,,,,,,,,,,,,,,,,,,,,,,,,,,,,,
ITA,,,,,,,,,,,,,,,,,,,,,,,,,,,854420933.97,58025570.83,161817889.93,109174427.99,61838040.74,,,85176728.73,880378675.61,828570480.46,1612418164.43,1561891168.43,1395659884.87,2366319345.32,5429053303.98,4246173680.9,3713948961.98,2515849016.28,3412466808.53,3444241538.14,1951055531.24,2196977864.18,4580556931.37,1067783521.86,2482258262.14,1318866980.6,1423701740.35,1586971355.99,1253116807.43,2198278425.23,1976573766.11,3700334604.49,3330309264.65,3005176919.36,1537236457.24,2295933612.03,1147866279.34,,
JPN,,,,,,,,,,,,,,,,,,,,,,,,,,,4656243829.82,6804190155.23,4936864371.17,3349041272.76,5932290830.46,4978933443.53,5816241756.41,7856275518.98,7397609124.67,8626333917.54,7346967429.32,8460773511.63,8676645122.05,5897594962.77,9060691575.35,14113469508.33,8627580021.87,12089965415.06,14842527767.89,12021949999.38,13379847570.97,10550894632.91,14179607052.9,19792406825.39,19985811653.35,20861378091.38,24906663658.66,11964346451.48,11744632612.55,10467516985.13,18647679124.3,14550709683.64,19161789299.17,17340742309.69,19428628991.05,17520247105.53,14650929479.05,,
(UNAIDS),,,,,,,,,,,,,,,,,,,,,,,,,,,,,,,,,,,,,,,,,,,,,,,,,,,,,,,132727053.44,94609137.14,163926758.06,158592448.2,140900018.37,199812112.87,197470348.46,203195169.15,243016870,,
KOR,,,,,,,,,,,,,,,,,,,,,,,,,,,,,,,,,,,,,,,,,,,,,,,,,,,,,,,,,,,,1900729366.96,2583743924.62,3127373225.42,3417762082,,
KWT,,,,,,,,,,,,,,,,920478478.05,426226742.41,1131373187.8,110386007.87,796339533.54,780509749.6,301603925.07,190585495.67,63167463.33,621663005.77,838450611.82,758939122.73,712998602.49,1607153635.39,1547780690,1797452602.08,876007482.67,1112207412.03,578719481.95,1470586554.17,1523596623.41,868972786.18,668247403.76,506491931.99,929641957.73,696202243.75,678662975.03,867506549.87,1227597124.99,921324047.27,1077498008,1723359298.74,741037244.5,1778234444.89,1403504453.64,1062736628.28,1465193619.59,1579540183.96,825939024.32,1184120067.34,1509369446.06,668592988.52,935440582.88,1149469018.79,596320443.21,704288624.32,646379828.93,487412913.43,290064007.67,
LVA,,,,,,,,,,,,,,,,,,,,,,,,,,,,,,,,,,,,,,,,,,,,,,,,,,,,,,,,,,,237353.13,295496.98,740685.82,1075708.98,17790.53,21883.48,
LIE,,,,,,,,,,,,,,,,,,,,,,,,,,,,,,,,,,,1242012.74,900727.46,104540.48,75432.31,191807.98,402576.25,106130.4,181188.84,125475.86,535590.94,1028677.68,302665.16,460414.28,452372.87,214041.9,545941.78,414682.04,1855417.67,4571828.89,2681357.65,937019.44,2642898.67,5439720.97,3393317.08,4445501.8,6888416.73,2626504.53,9768071.52,,,
LTU,,,,,,,,,,,,,,,,,,,,,,,,,,,,,,,,,,,,,,,,,,,,,,,,,,,,,,,,,,,,,3700882.74,3327045.47,,,
LUX,,,,,,,,,,,,,,,,,,,,,,,,,,,,,,,,,,,,,,,,,,,6016534.43,,,,,,,,,,,,158929748.6,183546108.59,202469326.92,211557625.96,281919922.45,236898004.8,267106184.19,268058801.44,265303490.72,,
MCO,,,,,,,,,,,,,,,,,,,,,,,,,,,,,,,,,,,,,,,,,,,,,,,,,,,,,,,,,,,,2342546.88,2771133.99,4737131.98,,,
Multilateral Fund for the Implementation of the Montreal Protocol,,,,,,,,,,,,,,,,,,,,,,,,,,,,,,,,,,,,,,,,,,,,,,8693898.59,39000475.74,84176805.07,194333738.81,4927848.01,139631866.17,,13968478.76,120036157.17,8904377.01,,,46536837.34,6803326.52,1659249.38,,,1000000,,
NLD,,,,,,,,,,,,,,,,,,,,,,,,,,,830920550.74,1300615163.53,1122865618.95,1765624214.98,1819278796.63,1839758443.91,1519274328.53,1915768579.18,1471423650.2,1305256382.96,1777898155.03,2114005260.31,1363013300.3,2052676485.55,2671620531.79,2438012122.59,2577858516.18,1927041745.75,1795577470.79,2445190767.61,2888270468.33,2121325703.67,2958849527.82,3149980399.04,3216405766.94,3284511510.22,3078969060.47,4803447988.55,4441228129.76,7384026425.04,3364360962.27,3482663385.52,4209493515.47,12314020617.15,4989777801.72,5424406308.83,5291752130,,
NZL,,,,,,,,,,,,,,,,,,,,,,,,,,,,7919411.4,,9709768.03,,,,,62551256.91,84946938.13,72724577.6,1811274.94,40953725.34,,,,,,,,,,101807871.72,,,,,,,124653729.17,149912989.53,188007937.34,305305028.05,305682531.76,250267558.45,323877132.43,265857349.93,,
(NTF),,,,,,,,,,,,,,,,,,,,,,,,,,,,,,8494255.2,95712936.91,89599482.4,44921665.14,5957109.07,3398910.71,21232162.31,31668951.89,47059094.67,13811228.38,41699635.16,49683785.52,13527258.03,15644991.54,45503892.91,50545506,37128738.12,15755733.33,24741242.85,,11188497.29,,,,20119400.01,968914.54,19715880.2,42569776.6,16712940.1,5186021.58,,,,8935833.05,45065048.71,
(NDF),,,,,,,,,,,,,,,,,,,,,,,,,,,,,,,,,,,,,,,,,,,,23465176.73,15950905.79,23833726.96,49197538.51,54598729.53,39695129.64,40247627.34,55306971.45,56500085.62,62656767.94,113466793.91,122623264.99,99201786.97,109509498.66,146301591.69,89910562.65,18049656.45,,,,,
(NADB),,,,,,,,,,,,,,,,,,,,,,,,,,,,,,,,,,,,,,,,,,,,,,,,,,30231715.97,57228933.02,64023614.28,165944478.62,199528815.42,83656010.73,172367975.57,166596574.37,68696114.49,6775901.18,73286348.26,78489172.02,80996558.03,267768700,249286144.84,147187083.74
NOR,,,,,,,,,,,,,,,,,,,,,,,,,,,309319597.21,399935265.43,451536500.11,300167099.65,291132204.49,473886143.29,531006810.6,443979703.12,396375784.15,536611961.99,81766086.54,945296746.55,922957672.38,1301050285.08,953571294,511145789.32,755818144.9,917420328.04,1081513615.3,769521980.86,1126592207.47,1480019587.82,1641904491.99,1531849557.89,1291735050.83,1431847645.4,2382976565.98,1555921758.84,2108154401.16,1988439632.77,2168914062.19,1851085282.37,2343824765.35,2930345975.77,2912773938.69,3221626011.66,3992735710.49,,
(OFID),,,,,,,,,,,,,,,,,,,,,,,,,,,,,,156492577.79,1273923133.58,645331932.71,627193492.54,710807654.41,1122666364.37,1087733209.67,640796538.62,386246567.31,316142735.96,187288508.3,274117756.19,161130956.31,226419989.79,256927766.37,267156200.15,175343235.58,210241957.97,164953081.14,243877687.82,209458179.5,310200568.66,246831356.85,318925513.34,318794171.85,,519515157.13,389191421.63,574216727.35,441432626.84,681454505.99,740157249.51,617207981.99,1038885000,14859063.27,
POL,,,,,,,,,,,,,,,,,,,,,,,,,,,,,,,,,,,,,,,,,,,,,,,,,,,,,,,,,,74195.64,859090.56,260623.5,12804610.89,15747038.27,12435483.15,7322622.06,
PRT,,,,,,,,,,,,,,,,,,,,,,,,,,,,,,,,,,,,,42003254.52,769289301.59,121834421.86,,421160303.58,82196889.18,290319130.35,27554259.9,28841276.04,335752460.81,325213772.27,403866931.35,263436624.5,216858478.45,336443761.99,84933290.66,632027322.42,896820706.9,397609476.21,320149042.8,262860943.96,1279393198.5,328579049.11,220406186.94,318914195.32,244809667.16,351190760.36,,
QAT,,,,,,,,,,,,,,,,,,,,,,,,,,,,,,,,,,,,,,,,,,,,,,,,,,,,,,,,,,,,,84843026.43,,,,
SAU,,,,,,,,,,,,,,,,,,,,,,,,,,,,,1521621451.35,839335158.33,3129404300.05,2198553900.19,925762194.92,612763507.54,640993573.36,1154468404.18,672215560.7,628208480.21,669354710.95,664182756.13,368342912.4,146013464.96,449906410.31,372323371.02,42827833.64,184787945.38,295621082.76,610935095.86,193863114.3,93061794.28,30141275.53,111568038.98,126821339,79623535.52,442102272.42,511692214.92,319810485.73,246288494.77,231126808.86,475100427.61,287415953.79,244274007.18,529200000,5787070,
SVK,,,,,,,,,,,,,,,,,,,,,,,,,,,,,,,,,,,,,,,,,,,,,,,,,,,,,,,,,0,3334223.34,5536736.25,7843018.67,58741.99,,,,
ZAF,,,,,,,,,,,,,,,,,,,,,,,,,,,,,,,,,,,,,,,,,,,,,,,,,,,,,,,,,,,9495867.68,58394861.85,52003643.87,60132700.75,,,
ESP,,,,,,,,,,,,,,,,,,,,,,,,,,,,,,,,,,,,,,,,,,282308353.6,1218735993.39,946888529.23,1770579885.93,1355835588.26,792717480.28,488384010.9,528616366.68,624619177.44,1340214736.01,1917197349.21,1977827506.12,2032982909.47,2526387049.52,2154244832.84,2220596879.69,1889993221.91,2392577577.56,3171855492.01,3959321027.82,4745281664.02,4411678462.03,,
SWE,,,,,,,,,,,,,,,,,,,,,,,,,,,729033591.81,1262126033.17,1030617823.38,794450105.9,1068923667.98,1036274385.29,1170820118.91,731638354.08,1156020555.19,1239427004.97,1210372844.53,1231868983.93,1153899132.76,1288804776.95,1750802839.26,2606049360.97,4796760303.3,2770269683.64,1879078620.06,2255531344.87,1378205760.56,1570578458.17,1367099141.78,1135321874.01,1374744765.33,1412062146.8,1379124837.77,1479516124.39,1548996687.99,1636816617.08,2446651925.95,2267033863.59,2900187390.1,3197571359.48,2165955600.96,2372379374.76,3285191865.57,,
CHE,,,,,,,,,,,,,,,,,,,,,,,,,,,117463585.28,275872689.84,284822389.18,344318438.54,473467359.68,421395861.33,424466526.57,220970884.64,678990371.99,438225054.51,674581978.47,394496796.78,826560975.81,540767981.75,670126977.62,664862969.49,757919896.17,865272974.12,1104272384.45,862089060.69,629923074.41,1340931785.88,939360419.08,727158676.22,796596879.97,765595088.09,1452954865.31,1304251475.63,1300026060.58,1303100628.34,1268679980.85,1598523212.64,1738647697.59,1514364022.66,1732849279.18,1714165215.99,1726592656.15,,
TWN,,,,,,,,,,,,,,,,,,,,,,,,,,,,,,,,,,,,,,,,,,,,14227183.38,58361329.68,21500361.61,50164621.48,58063115.31,13288252.22,44082584.75,71200793.96,43988084.23,48240176.92,17614225.69,20265757.32,11223931.42,5439420.41,26863382.62,10114108.97,4788113.57,,9738423.96,,,
THA,,,,,,,,,,,,,,,,,,,,,,,,,,,,,,,,,,,,,,,,,,,,,,,,,,,,,,,,,,,,,11894327.12,,,,
ARE,,,,,,,,,,,,,,,,,,,,,,,,,,,,496030018.59,197699073.06,1079195373.73,1011823685.22,1009203560.53,197142508.9,842914128.74,218886920.24,345563258.32,68414462.2,123595713.08,114327597.34,95595684.84,362125564.55,100283794.55,,,,,258827110.97,,,,,13832559.73,667084286.78,244719522.83,799318740.97,,,,,,496435800.53,269798239.68,1340998440.04,329592116.08,
GBR,,,,,,,,,,,,,,,,,,,,,,,,,,,2478983806.11,3074167393.23,674603981.55,1659496370.39,1941286624.18,6462961198.1,1912815899.6,2039829149.74,954521911.34,1735358830.06,1590861242.39,1807241126.68,1045751820.13,1522015945.58,3286342129.87,2105624674.15,1915577224,1564740217.14,1663344702.69,3684950914.07,1453081995.19,1584192820.81,2354773819.98,3024855258.19,2752528059.77,5250784887.05,4006328858.35,6873737943.86,3934686266.7,4623508218.68,5178612016.55,5085342880.8,9466581723.46,9578200923.55,4658037711.58,6784466875.5,11161253508.07,,
(UNICEF),,,,,,,,,,,,,,,,,,,,,,,,,,,,,,,,,,,,,,,,,,,,,,,,,,,,,,497036320.95,571492796.58,823350841.91,808899513.31,772099637.37,837151894.34,817287595.17,1006900434.28,960282535.24,1103506690,,
(UNDEF),,,,,,,,,,,,,,,,,,,,,,,,,,,,,,,,,,,,,,,,,,,,,,,,,,,,,,,,,,,,,36005992.38,23045063.75,19030367,,
(UNDP),,,,,,,,,,,,,,,,,,,,,,,,,,,,,,,,,,,,,,,,,,,,,,,,,,,,,685420651.85,,,,,453599544.83,490583723.09,507510825.96,470411904.48,490600694.32,642592550,,
(UNESCAP),,,,,,,,,,,,,,,,,,,,,,,,,,,,,,,,,,,,,,,,,,,,,,,,,,,,,,,,,,,,,94002.95,,,,
(UNESCWA),,,,,,,,,,,,,,,,,,,,,,,,,,,,,,,,,,,,,,,,,,,,,,,,,,,,,,,,,,,,,142177.76,,,,
(UNECE),,,,,,,,,,,,,,,,,,,,,,,,,,,,,,,,,,,,,,,,,,,,,,,,,,,,,,,,,,,,,,10510085.73,12751100,,
(UNFPA),,,,,,,,,,,,,,,,,,,,,,,,,,,,,,,,,,,,,,,,,,,,,,,,,,,,,,,306962634.2,379595060.36,462866824.94,228733554.17,231454704.52,236283008.85,222544531.6,267594670.96,348509050,,
USA,,,,,,,,,,,,,,,,,,,,,,,,,,,5984563391.56,4966937948.12,5874917782.38,8425326920.2,5662840446.37,5761480471.42,5388124649.04,9900340541.85,8990556835.98,9685173326.7,9902547765.35,11405736062.45,13612317349.89,12729693767.67,10761666702.68,9777068891.78,9129162809.09,9947260207.48,17257619623.07,6927123109.42,6527077468.94,7905660547.42,8146553191.45,5640988600.3,7232389176.07,8719433133.77,16936485116.1,15347494068.95,14733979653.11,17397192155.12,26206465919.93,29436781161.18,30917693203.29,26332875164.27,25788593097.8,32205372092.67,30454711225,,
WFP,,,,,,,,,,,,,,,,,,,,,,,,,,,,,,,,,,,,,,,,,,,,,,,,,,,,,,,,,,,,,,,,,
WHO,,,,,,,,,,,,,,,,,,,,,,,,,,,,,,,,,,,,,,,,,,,,,,,,,,,,,,,,,,,,,,,436791557.12,,
World Bank - Carbon Finance Unit,,,,,,,,,,,,,,,,,,,,,,,,,,,,,,,,,,,,,,,,,,,,,,,,,,,,,,0,,5091004.17,20598642.63,36821865.35,1134813658.19,298357413.91,103389829.91,221738290.47,97361700,58217809.88,
World Bank - Debt Reduction Facility,,,,,,,,,,,,,,,,,,,,,,,,,,,,,,,,,,,,,,,,,,,,12794031.79,,,,,,,27926373.23,14920205.67,7403293.74,,,,,,1020498.98,,36823018.4,,39000000,,
(IBRD),3833043721.3,185096678.69,1604942451.51,2153291362.14,1607256159.99,2318335900.64,1982076934.36,2181055863.94,3135074995.39,3797566857.87,3928677005.29,5939289677.63,4788605325.05,4735390029.95,5440299881.29,4791850072.43,5627138919.78,5081031917.24,7952472347.03,5346696692.21,4007692765.53,7189067484.69,7736449677.1,9863782362.3,10932285643.98,10475868299.18,11386327350.03,14380815530.95,16460071139.43,18372827142.59,16324991583.48,19225631656.86,18753773784.69,20611977698.17,21835734257.51,23877816764.48,29463195779.04,23810172500.69,33215751424.11,28455634416.85,25794223099.31,24696435424.54,29652305951.36,23114398459.75,24971720620.03,21282189281.65,21830086139.87,22467898560.45,19768264948.55,19622301717.94,24901388485.35,35078852931.64,19261065518.1,15469754459.67,17716290721.87,14910140285.35,13454884526.28,14520994064.54,16052811774.52,15084191862.19,11975459299.41,22704761251.16,43637066398,37396176010.13,18252417907.02
(IDA),,,,,,,,,,,,,,,1394394979.49,1384674831.35,1498904136.14,2966378760.16,1336424046.67,3189456805.52,463207477.47,847030668.2,3014051770.11,3875773324.66,3735632348.64,4668498984.77,7329019160.5,5255529895.84,6286580083.29,4255401097.43,5588540294.62,8143851444.52,6843975935.14,8922982595.66,8974766138.55,6968599328.59,7709596924.61,8223322212.03,8358256337.53,6150037921.73,6919834498.29,7291537576,8373592285.92,9589279137.44,10537896194.91,8802746758.41,7663994957.21,9950194727.59,7437801615.48,8416738457.67,8045434533.74,10303510376.22,7950383181.29,8509869525.45,10385484325.12,11687272821.18,9609626395.03,13270525976.58,8669070788.43,8690561981.49,13173393916.63,11810655959.64,16211210000,14224949773.79,13726962424.86
(IFC),,,,,,,,,,,,,,,,,,,,,,,,,,,,,,,,,,1589277829.48,1970336038.7,1502394481.26,3206989175.71,1767978694.35,2356893999.84,2396081798.32,1657132009.95,2127834917.8,2931216490.49,3010009212.74,4498846717.77,4433050987.19,5626678929.27,5792280138.25,6739650222.6,10404113622.26,9049694841.53,8374356201.94,7375384721.74,8452789455.57,8107204523.08,8487300330.09,,,,,,,,,
World Bank - Managed Trust Funds,,,,,,,,,,,,,,,,,,,,,,,,,,,,,,,,,,,,,,,,,,,,,,,,,,,,800578.45,13354041.7,3215181.92,14744067.17,1947059879.63,182480611.93,78275895.78,187759406.16,246998851.52,287248059.86,440366210.16,399449694,514012240.25,39860550.3
(WTO),,,,,,,,,,,,,,,,,,,,,,,,,,,,,,,,,,,,,,,,,,,,,,,,,,,,,,,,,,,,,17653041.76,,,,
(WTO) - International Trade Centre,,,,,,,,,,,,,,,,,,,,,,,,,,,,,,,,,,,,,,,,,,,,,,,,,,,,,,,,,,,,,41612056.51,,,,